INSERT INTO MEAL (ID, NAME, DESCRIPTION, WEIGHT, MEAL_CATEGORY, PRICE, IMAGE, IS_RECOMMENDED)
values (1, 'Carpaccio', 'z poledwicy z parmezanem i swiezym Pesto', 115,  0, 22, '', true );
INSERT INTO MEAL (ID, NAME, DESCRIPTION, WEIGHT, MEAL_CATEGORY, PRICE, IMAGE, IS_RECOMMENDED)
values (2, 'Tatar', 'z łososia norweskiego', 150,  0, 25, '', false );
INSERT INTO MEAL (ID, NAME, DESCRIPTION, WEIGHT, MEAL_CATEGORY, PRICE, IMAGE, IS_RECOMMENDED)
values (3, 'Tatar wołowy', 'z szalotką, piklowaną gorczycą, ogórkiem, majonezem szczypiorkowym i żóltkiem przepiórczym', 150,  0, 26, '', false );
INSERT INTO MEAL (ID, NAME, DESCRIPTION, WEIGHT, MEAL_CATEGORY, PRICE, IMAGE, IS_RECOMMENDED)
values (4, 'Krewetki królewskie', 'w sosie z czarnych trufli ', 100,  0, 32, '', false );
INSERT INTO MEAL (ID, NAME, DESCRIPTION, WEIGHT, MEAL_CATEGORY, PRICE, IMAGE, IS_RECOMMENDED)
values (5, 'Befsztyk tatarski', 'z żółtkiem i dodatkami', 150,  0, 30, '', false );
INSERT INTO MEAL (ID, NAME, DESCRIPTION, WEIGHT, MEAL_CATEGORY, PRICE, IMAGE, IS_RECOMMENDED)
values (6, 'Flaczki', 'z domowym pieczywem', 0,  1, 15, '', true );
INSERT INTO MEAL (ID, NAME, DESCRIPTION, WEIGHT, MEAL_CATEGORY, PRICE, IMAGE, IS_RECOMMENDED)
values (7, 'Barszcz', 'z pasztecikiem', 0,  1, 12, '', false );
INSERT INTO MEAL (ID, NAME, DESCRIPTION, WEIGHT, MEAL_CATEGORY, PRICE, IMAGE, IS_RECOMMENDED)
values (8, 'Zupa grzybowa', 'z francuskim paluszkiem', 0,  1, 17, '', false );
INSERT INTO MEAL (ID, NAME, DESCRIPTION, WEIGHT, MEAL_CATEGORY, PRICE, IMAGE, IS_RECOMMENDED)
values (9, 'Żurek staropolski', 'z jajkiem i domowym pieczywem', 0,  1, 15, '', false );
INSERT INTO MEAL (ID, NAME, DESCRIPTION, WEIGHT, MEAL_CATEGORY, PRICE, IMAGE, IS_RECOMMENDED)
values (10, 'Grilowana polędwica', '''A la Culinaria'' na tarcie z opiekanymi warzywami i grzybami w śmietanie', 640,  2, 60, '', true );
INSERT INTO MEAL (ID, NAME, DESCRIPTION, WEIGHT, MEAL_CATEGORY, PRICE, IMAGE, IS_RECOMMENDED)
values (11, 'Rolada wołowa', 'z krokietem ziemniaczanym, czerwoną kapustą, zielonym groszkiem i własnym sosem porto', 300,  2, 45, '', false );
INSERT INTO MEAL (ID, NAME, DESCRIPTION, WEIGHT, MEAL_CATEGORY, PRICE, IMAGE, IS_RECOMMENDED)
values (12, 'Chrupiące krokiety spring rolls', 'z duszoną kaczką i orientalnymi warzywami, podane ze słodkim sosem chilli', 300,  2, 30, '', false );
INSERT INTO MEAL (ID, NAME, DESCRIPTION, WEIGHT, MEAL_CATEGORY, PRICE, IMAGE, IS_RECOMMENDED)
values (13, 'Polędwica wołowa', 'z masłem ziołowym na warzywnym spaghetti z frytkami stekowymi', 400,  2, 67, '', false );
INSERT INTO MEAL (ID, NAME, DESCRIPTION, WEIGHT, MEAL_CATEGORY, PRICE, IMAGE, IS_RECOMMENDED)
values (14, 'Filet mignon z polędwicy wołowej', 'podany w sosie musztardowym z zielonym pieprzem, talarkami ziemniaczanymi i karmelizowanymi burakami', 400,  2, 64, '', true );
INSERT INTO MEAL (ID, NAME, DESCRIPTION, WEIGHT, MEAL_CATEGORY, PRICE, IMAGE, IS_RECOMMENDED)
values (15, 'Shoarma z kurczaka', 'z sosem czosnkowym, frytkami i surówką', 430,  2, 34, '', false );
INSERT INTO MEAL (ID, NAME, DESCRIPTION, WEIGHT, MEAL_CATEGORY, PRICE, IMAGE, IS_RECOMMENDED)
values (16, 'Kotlet pożarski', 'panierowany w grzankach na glazurowanej marchewce z sezamem, sosem serowym i pieczonymi ziemniakami', 550,  2, 32, '', false );
INSERT INTO MEAL (ID, NAME, DESCRIPTION, WEIGHT, MEAL_CATEGORY, PRICE, IMAGE, IS_RECOMMENDED)
values (17, 'Kotlet de volaille', 'z krokietem ziemniaczanym, czerwoną kapustą, zielonym groszkiem i własnym sosem porto', 460,  2, 32, '', true );
INSERT INTO MEAL (ID, NAME, DESCRIPTION, WEIGHT, MEAL_CATEGORY, PRICE, IMAGE, IS_RECOMMENDED)
values (18, 'Sznycelki wieprzowe', 'w sosie balsamico z prawdziwkami, warzywami i pierożkami z ricottą', 320,  2, 44, '', false );
INSERT INTO MEAL (ID, NAME, DESCRIPTION, WEIGHT, MEAL_CATEGORY, PRICE, IMAGE, IS_RECOMMENDED)
values (19, 'Smażony stek', 'z karkówki ze słodko-pikantnymi grzybami leśnymi i kaszą bulgar', 550,  2, 32, '', true );
INSERT INTO MEAL (ID, NAME, DESCRIPTION, WEIGHT, MEAL_CATEGORY, PRICE, IMAGE, IS_RECOMMENDED)
values (20, 'Kotlet pożarski', 'panierowany w grzankach na glazurowanej marchewce z sezamem, sosem serowym i pieczonymi ziemniakami', 550,  2, 32, '', false );
INSERT INTO MEAL (ID, NAME, DESCRIPTION, WEIGHT, MEAL_CATEGORY, PRICE, IMAGE, IS_RECOMMENDED)
values (21, 'Żeberka wieprzowe', 'pieczone na sposób amerykański z grillowanymi warzywami i ziemniaczanymi talarkami', 500,  2, 40, '', false );
INSERT INTO MEAL (ID, NAME, DESCRIPTION, WEIGHT, MEAL_CATEGORY, PRICE, IMAGE, IS_RECOMMENDED)
values (51, 'Żeberka wieprzowe', 'pieczone na sposób amerykański z grillowanymi warzywami i ziemniaczanymi talarkami', 500,  2, 40, '', false );
INSERT INTO MEAL (ID, NAME, DESCRIPTION, WEIGHT, MEAL_CATEGORY, PRICE, IMAGE, IS_RECOMMENDED)
values (22, 'Makaron penne', 'z kurczakiem zapiekany z brokułami, szpinakiem i parmezanem', 670,  2, 27, '', false );
INSERT INTO MEAL (ID, NAME, DESCRIPTION, WEIGHT, MEAL_CATEGORY, PRICE, IMAGE, IS_RECOMMENDED)
values (23, 'Tagliatelle', 'nero z krewetkami, chilli i pomidorami suszonymi, podane z cytrynowym pudrem', 300,  2, 33, '', true );
INSERT INTO MEAL (ID, NAME, DESCRIPTION, WEIGHT, MEAL_CATEGORY, PRICE, IMAGE, IS_RECOMMENDED)
values (24, 'Gnocchi z kozim serem i truflą', 'czerwone pesto, warzywa sezonu, dojrzewający ser', 330,  2, 36, '', false );
INSERT INTO MEAL (ID, NAME, DESCRIPTION, WEIGHT, MEAL_CATEGORY, PRICE, IMAGE, IS_RECOMMENDED)
values (25, 'Pstrąg łososiowy', 'maślany bulgur, sezonowe warzywa z ziołami, sos z zielonym pieprzem', 420,  3, 42, '', true );
INSERT INTO MEAL (ID, NAME, DESCRIPTION, WEIGHT, MEAL_CATEGORY, PRICE, IMAGE, IS_RECOMMENDED)
values (26, 'Dorada z patelni', 'z sałatką z papryki i ziemniaczkami ze śmietaną i koperkiem', 500,  3, 50, '', false );
INSERT INTO MEAL (ID, NAME, DESCRIPTION, WEIGHT, MEAL_CATEGORY, PRICE, IMAGE, IS_RECOMMENDED)
values (27, 'Polędwica z dorsza', 'z czerwoną soczewicą, sosem wermuti pieczonym burakiem', 490,  3, 45, '', false );
INSERT INTO MEAL (ID, NAME, DESCRIPTION, WEIGHT, MEAL_CATEGORY, PRICE, IMAGE, IS_RECOMMENDED)
values (28, 'Stek z łososia', 'w sosie mango z miętą oraz pomidorami podany z ryżem basmati', 700,  3, 45, '', false );
INSERT INTO MEAL (ID, NAME, DESCRIPTION, WEIGHT, MEAL_CATEGORY, PRICE, IMAGE, IS_RECOMMENDED)
values (29, 'Shoarma z kurczaka', 'z sosem czosnkowym, frytkami i surówką', 230,  4, 22, '', true );
INSERT INTO MEAL (ID, NAME, DESCRIPTION, WEIGHT, MEAL_CATEGORY, PRICE, IMAGE, IS_RECOMMENDED)
values (30, 'Zupa pomidorowa', 'z makaronem', 300,  4, 12, '', false );
INSERT INTO MEAL (ID, NAME, DESCRIPTION, WEIGHT, MEAL_CATEGORY, PRICE, IMAGE, IS_RECOMMENDED)
values (31, 'Filecik', 'z piersi kurczaka w chrupiącej panierce z frytkami, surówką i ketchupem', 300,  4, 20, '', false );
INSERT INTO MEAL (ID, NAME, DESCRIPTION, WEIGHT, MEAL_CATEGORY, PRICE, IMAGE, IS_RECOMMENDED)
values (32, 'Kotlecik schabowy', 'panierowany z zasmażaną na maśle kapustą kiszoną oraz ziemniakami', 350,  4, 18, '', false );
INSERT INTO MEAL (ID, NAME, DESCRIPTION, WEIGHT, MEAL_CATEGORY, PRICE, IMAGE, IS_RECOMMENDED)
values (33, 'Sałatka Cezar', 'z grillowanymi krewetkami, parmezanem i grzankami czosnkowymi', 400,  5, 29, '', true );
INSERT INTO MEAL (ID, NAME, DESCRIPTION, WEIGHT, MEAL_CATEGORY, PRICE, IMAGE, IS_RECOMMENDED)
values (34, 'Sałatka', 'z pieczonym camembertem i płatkami chrupiącego bekonu', 500,  5, 22, '', false );
INSERT INTO MEAL (ID, NAME, DESCRIPTION, WEIGHT, MEAL_CATEGORY, PRICE, IMAGE, IS_RECOMMENDED)
values (35, 'Sałatka z kurczakiem', 'z sosem czosnkowym i grzankami', 500,  5, 26, '', false );
INSERT INTO MEAL (ID, NAME, DESCRIPTION, WEIGHT, MEAL_CATEGORY, PRICE, IMAGE, IS_RECOMMENDED)
values (36, 'Sałatka Szefa', 'z szynką parmeńską, melonem, wędzonym łososiem, warzywami, delikatną mozzarellą, i bruskiettą', 700,  5, 34, '', false );
INSERT INTO MEAL (ID, NAME, DESCRIPTION, WEIGHT, MEAL_CATEGORY, PRICE, IMAGE, IS_RECOMMENDED)
values (37, 'Kula z białej czekolady', 'z sosem z białej czekolady i sorbetem malinowym', 90,  6, 18, '', true );
INSERT INTO MEAL (ID, NAME, DESCRIPTION, WEIGHT, MEAL_CATEGORY, PRICE, IMAGE, IS_RECOMMENDED)
values (38, 'Maliny na gorąco', 'z lodami waniliowym', 190,  6, 20, '', false );
INSERT INTO MEAL (ID, NAME, DESCRIPTION, WEIGHT, MEAL_CATEGORY, PRICE, IMAGE, IS_RECOMMENDED)
values (39, 'Brownie', 'z sosem z białej czekolady i sorbetem malinowym', 125,  6, 16, '', false );
INSERT INTO MEAL (ID, NAME, DESCRIPTION, WEIGHT, MEAL_CATEGORY, PRICE, IMAGE, IS_RECOMMENDED)
values (40, 'Jabłko pieczone z cynamonem', 'kruszonka, sos waniliowy, lody śmietankowe', 200,  6, 17, '', false );
INSERT INTO MEAL (ID, NAME, DESCRIPTION, WEIGHT, MEAL_CATEGORY, PRICE, IMAGE, IS_RECOMMENDED)
values (41, 'Torcik Czekoladowy', 'torcik czekoladowy, orzechy włoskie, sos winno - wiśniowy, bita śmietana', 200,  6, 26, '', false );
INSERT INTO MEAL (ID, NAME, DESCRIPTION, WEIGHT, MEAL_CATEGORY, PRICE, IMAGE, IS_RECOMMENDED)
values (42, 'Kurczak', 'filet z kurczaka panierowany, frytki, surówka z marchewki', 190,  4, 27, '', false );
INSERT INTO MEAL (ID, NAME, DESCRIPTION, WEIGHT, MEAL_CATEGORY, PRICE, IMAGE, IS_RECOMMENDED)
values (43, 'Karafka orzeźwiającej lemoniady', 'biała herbata z truskawką i malwą', 500, 7, 16, '', true );
INSERT INTO MEAL (ID, NAME, DESCRIPTION, WEIGHT, MEAL_CATEGORY, PRICE, IMAGE, IS_RECOMMENDED)
values (44, 'Soki z wyciskanych cytrusów', 'z pomarańczy/ z grejpfrutów', 250, 7, 12, '', false );
INSERT INTO MEAL (ID, NAME, DESCRIPTION, WEIGHT, MEAL_CATEGORY, PRICE, IMAGE, IS_RECOMMENDED)
values (45, 'Herbata Peach Lemon Star', 'brzoskwinia z cytrusami', 400, 7, 10, '', false );
INSERT INTO MEAL (ID, NAME, DESCRIPTION, WEIGHT, MEAL_CATEGORY, PRICE, IMAGE, IS_RECOMMENDED)
values (46, 'Herbata White Pearl Of Fujian', 'biała herbata z truskawką i malwą', 400, 7, 10, '', false );
INSERT INTO MEAL (ID, NAME, DESCRIPTION, WEIGHT, MEAL_CATEGORY, PRICE, IMAGE, IS_RECOMMENDED)
values (47, 'Smoothie owoce', 'pomarańcza-mango-marakuja, szpinak-jarmuż-aloes', 250, 7, 12, '', false );
INSERT INTO MEAL (ID, NAME, DESCRIPTION, WEIGHT, MEAL_CATEGORY, PRICE, IMAGE, IS_RECOMMENDED)
values (48, 'Bain''s sour', 'Burbon, sok z cytryny, syrop z szałwii, białko', 300, 7, 20, '', false );
INSERT INTO MEAL (ID, NAME, DESCRIPTION, WEIGHT, MEAL_CATEGORY, PRICE, IMAGE, IS_RECOMMENDED)
values (49, 'Espresso', '', 50, 7, 13, '', false );
INSERT INTO MEAL (ID, NAME, DESCRIPTION, WEIGHT, MEAL_CATEGORY, PRICE, IMAGE, IS_RECOMMENDED)
values (50, 'Caffe latte', '', 50, 7, 13, '', false );


INSERT INTO SEAT_TABLE (ID, MIN_SEATS, MAX_SEATS) values(1,1,2);
INSERT INTO SEAT_TABLE (ID, MIN_SEATS, MAX_SEATS) values(2,1,2);
INSERT INTO SEAT_TABLE (ID, MIN_SEATS, MAX_SEATS) values(3,1,2);
INSERT INTO SEAT_TABLE (ID, MIN_SEATS, MAX_SEATS) values(4,1,2);
INSERT INTO SEAT_TABLE (ID, MIN_SEATS, MAX_SEATS) values(5,1,2);
INSERT INTO SEAT_TABLE (ID, MIN_SEATS, MAX_SEATS) values(6,2,4);
INSERT INTO SEAT_TABLE (ID, MIN_SEATS, MAX_SEATS) values(7,2,4);
INSERT INTO SEAT_TABLE (ID, MIN_SEATS, MAX_SEATS) values(8,2,4);
INSERT INTO SEAT_TABLE (ID, MIN_SEATS, MAX_SEATS) values(9,2,4);
INSERT INTO SEAT_TABLE (ID, MIN_SEATS, MAX_SEATS) values(10,4,6);
INSERT INTO SEAT_TABLE (ID, MIN_SEATS, MAX_SEATS) values(11,4,6);
INSERT INTO SEAT_TABLE (ID, MIN_SEATS, MAX_SEATS) values(12,4,6);
INSERT INTO SEAT_TABLE (ID, MIN_SEATS, MAX_SEATS) values(13,5,7);
INSERT INTO SEAT_TABLE (ID, MIN_SEATS, MAX_SEATS) values(14,5,7);
INSERT INTO SEAT_TABLE (ID, MIN_SEATS, MAX_SEATS) values(15,8,16);
INSERT INTO SEAT_TABLE (ID, MIN_SEATS, MAX_SEATS) values(16,8,16);


INSERT INTO RESERVATION (ID, NAME, SURNAME, EMAIL, PEOPLE_AMOUNT, DATE_TIME, TABLE_ID)
values(1,'Kamil','Wójcik','kamil514@op.pl',1,PARSEDATETIME('05/09/2022 15:00','dd/MM/yyyy HH:mm'),1);
INSERT INTO RESERVATION (ID, NAME, SURNAME, EMAIL, PEOPLE_AMOUNT, DATE_TIME, TABLE_ID)
values(2,'Kamil','Wójcik','kamil514@op.pl',1,PARSEDATETIME('05/09/2022 15:00','dd/MM/yyyy HH:mm'),2);
INSERT INTO RESERVATION (ID, NAME, SURNAME, EMAIL, PEOPLE_AMOUNT, DATE_TIME, TABLE_ID)
values(3,'Karol','Długołecki','karoldlug@gmail.com',2,PARSEDATETIME('05/09/2022 17:30','dd/MM/yyyy HH:mm'),6);
INSERT INTO RESERVATION (ID, NAME, SURNAME, EMAIL, PEOPLE_AMOUNT, DATE_TIME, TABLE_ID)
values(4,'Kamil','Wójcik','kamil514@op.pl',4,PARSEDATETIME('05/09/2022 20:00','dd/MM/yyyy HH:mm'),11);

INSERT INTO RESERVATION (ID, NAME, SURNAME, EMAIL, PEOPLE_AMOUNT, DATE_TIME, TABLE_ID)
values(5,'Kamil','Wójcik','kamil514@op.pl',1,PARSEDATETIME('06/09/2022 15:00','dd/MM/yyyy HH:mm'),1);
INSERT INTO RESERVATION (ID, NAME, SURNAME, EMAIL, PEOPLE_AMOUNT, DATE_TIME, TABLE_ID)
values(6,'Kamil','Wójcik','kamil514@op.pl',1,PARSEDATETIME('06/09/2022 15:00','dd/MM/yyyy HH:mm'),2);
INSERT INTO RESERVATION (ID, NAME, SURNAME, EMAIL, PEOPLE_AMOUNT, DATE_TIME, TABLE_ID)
values(7,'Karol','Długołecki','karoldlug@gmail.com',2,PARSEDATETIME('06/09/2022 17:30','dd/MM/yyyy HH:mm'),6);
INSERT INTO RESERVATION (ID, NAME, SURNAME, EMAIL, PEOPLE_AMOUNT, DATE_TIME, TABLE_ID)
values(8,'Kamil','Wójcik','kamil514@op.pl',4,PARSEDATETIME('06/09/2022 20:00','dd/MM/yyyy HH:mm'),11);

INSERT INTO RESERVATION (ID, NAME, SURNAME, EMAIL, PEOPLE_AMOUNT, DATE_TIME, TABLE_ID)
values(9,'Karol','Długołecki','karoldlug@gmail.com',16,PARSEDATETIME('06/09/2022 14:00','dd/MM/yyyy HH:mm'),16);
INSERT INTO RESERVATION (ID, NAME, SURNAME, EMAIL, PEOPLE_AMOUNT, DATE_TIME, TABLE_ID)
values(10,'Kamil','Wójcik','kamil514@op.pl',16,PARSEDATETIME('06/09/2022 14:00','dd/MM/yyyy HH:mm'),15);

INSERT INTO RESERVATION (ID, NAME, SURNAME, EMAIL, PEOPLE_AMOUNT, DATE_TIME, TABLE_ID)
values(11,'Karol','Długołecki','karoldlug@gmail.com',16,PARSEDATETIME('06/09/2022 15:00','dd/MM/yyyy HH:mm'),16);
INSERT INTO RESERVATION (ID, NAME, SURNAME, EMAIL, PEOPLE_AMOUNT, DATE_TIME, TABLE_ID)
values(12,'Kamil','Wójcik','kamil514@op.pl',16,PARSEDATETIME('06/09/2022 15:00','dd/MM/yyyy HH:mm'),15);

INSERT INTO RESERVATION (ID, NAME, SURNAME, EMAIL, PEOPLE_AMOUNT, DATE_TIME, TABLE_ID)
values(13,'Karol','Długołecki','karoldlug@gmail.com',16,PARSEDATETIME('06/09/2022 19:00','dd/MM/yyyy HH:mm'),16);
INSERT INTO RESERVATION (ID, NAME, SURNAME, EMAIL, PEOPLE_AMOUNT, DATE_TIME, TABLE_ID)
values(14,'Kamil','Wójcik','kamil514@op.pl',16,PARSEDATETIME('06/09/2022 19:00','dd/MM/yyyy HH:mm'),15);

INSERT INTO RESERVATION (ID, NAME, SURNAME, EMAIL, PEOPLE_AMOUNT, DATE_TIME, TABLE_ID)
values(15,'Karol','Długołecki','karoldlug@gmail.com',16,PARSEDATETIME('06/09/2022 17:00','dd/MM/yyyy HH:mm'),16);
INSERT INTO RESERVATION (ID, NAME, SURNAME, EMAIL, PEOPLE_AMOUNT, DATE_TIME, TABLE_ID)
values(16,'Kamil','Wójcik','kamil514@op.pl',16,PARSEDATETIME('06/09/2022 17:00','dd/MM/yyyy HH:mm'),15);

INSERT INTO RESERVATION (ID, NAME, SURNAME, EMAIL, PEOPLE_AMOUNT, DATE_TIME, TABLE_ID)
values(17,'Kamil','Wójcik','kamil514@op.pl',6,PARSEDATETIME('06/09/2022 21:00','dd/MM/yyyy HH:mm'),12);
INSERT INTO RESERVATION (ID, NAME, SURNAME, EMAIL, PEOPLE_AMOUNT, DATE_TIME, TABLE_ID)
values(18,'Kamil','Wójcik','kamil514@op.pl',6,PARSEDATETIME('06/09/2022 21:00','dd/MM/yyyy HH:mm'),13);
INSERT INTO RESERVATION (ID, NAME, SURNAME, EMAIL, PEOPLE_AMOUNT, DATE_TIME, TABLE_ID)
values(19,'Kamil','Wójcik','kamil514@op.pl',6,PARSEDATETIME('06/09/2022 21:00','dd/MM/yyyy HH:mm'),14);
INSERT INTO RESERVATION (ID, NAME, SURNAME, EMAIL, PEOPLE_AMOUNT, DATE_TIME, TABLE_ID)
values(20,'Kamil','Wójcik','kamil514@op.pl',6,PARSEDATETIME('06/09/2022 21:00','dd/MM/yyyy HH:mm'),15);

INSERT INTO RESERVATION (ID, NAME, SURNAME, EMAIL, PEOPLE_AMOUNT, DATE_TIME, TABLE_ID)
values(21,'Kamil','Wójcik','kamil514@op.pl',14,PARSEDATETIME('06/09/2022 18:00','dd/MM/yyyy HH:mm'),15);

INSERT INTO admins (username, password, role)
VALUES ('admin', '$2a$10$7jCd3itrlJrxPOBOW/7OUuJEvj5L3D0G3I2YdAz35YAPSQMg3t0dG', 'ADMIN');
